type,code,name,,,code
水泥,1101,台泥1101,台泥,台泥 1101,1101
水泥,1102,亞泥1102,亞泥,亞泥 1102,1102
水泥,1103,嘉泥1103,嘉泥,嘉泥 1103,1103
水泥,1104,環泥1104,環泥,環泥 1104,1104
水泥,1108,幸福1108,幸福,幸福 1108,1108
水泥,1109,信大1109,信大,信大 1109,1109
水泥,1110,東泥1110,東泥,東泥 1110,1110
食品,1201,味全1201,味全,味全 1201,1201
食品,1203,味王1203,味王,味王 1203,1203
食品,1210,大成1210,大成,大成 1210,1210
食品,1213,大飲1213,大飲,大飲 1213,1213
食品,1215,卜蜂1215,卜蜂,卜蜂 1215,1215
食品,1216,統一1216,統一,統一 1216,1216
食品,1217,愛之味1217,愛之味,愛之味 1217,1217
食品,1218,泰山1218,泰山,泰山 1218,1218
食品,1219,福壽1219,福壽,福壽 1219,1219
食品,1220,台榮1220,台榮,台榮 1220,1220
食品,1225,福懋油1225,福懋油,福懋油 1225,1225
食品,1227,佳格1227,佳格,佳格 1227,1227
食品,1229,聯華1229,聯華,聯華 1229,1229
食品,1231,聯華食1231,聯華食,聯華食 1231,1231
食品,1232,大統益1232,大統益,大統益 1232,1232
食品,1233,天仁1233,天仁,天仁 1233,1233
食品,1234,黑松1234,黑松,黑松 1234,1234
食品,1235,興泰1235,興泰,興泰 1235,1235
食品,1236,宏亞1236,宏亞,宏亞 1236,1236
食品,1256,鮮活果汁-KY1256,鮮活果汁-KY,鮮活果汁-KY 1256,1256
食品,1702,南僑1702,南僑,南僑 1702,1702
食品,1737,臺鹽1737,臺鹽,臺鹽 1737,1737
塑膠,1301,台塑1301,台塑,台塑 1301,1301
塑膠,1303,南亞1303,南亞,南亞 1303,1303
塑膠,1304,台聚1304,台聚,台聚 1304,1304
塑膠,1305,華夏1305,華夏,華夏 1305,1305
塑膠,1307,三芳1307,三芳,三芳 1307,1307
塑膠,1308,亞聚1308,亞聚,亞聚 1308,1308
塑膠,1309,台達化1309,台達化,台達化 1309,1309
塑膠,1310,台苯1310,台苯,台苯 1310,1310
塑膠,1312,國喬1312,國喬,國喬 1312,1312
塑膠,1313,聯成1313,聯成,聯成 1313,1313
塑膠,1314,中石化1314,中石化,中石化 1314,1314
塑膠,1315,達新1315,達新,達新 1315,1315
塑膠,1319,東陽1319,東陽,東陽 1319,1319
塑膠,1321,大洋1321,大洋,大洋 1321,1321
塑膠,1323,永裕1323,永裕,永裕 1323,1323
塑膠,1324,地球1324,地球,地球 1324,1324
塑膠,1325,恆大1325,恆大,恆大 1325,1325
塑膠,1326,台化1326,台化,台化 1326,1326
塑膠,1337,再生-KY1337,再生-KY,再生-KY 1337,1337
塑膠,1339,昭輝1339,昭輝,昭輝 1339,1339
塑膠,1340,勝悅-KY1340,勝悅-KY,勝悅-KY 1340,1340
塑膠,1715,萬洲1715,萬洲,萬洲 1715,1715
塑膠,4306,炎洲4306,炎洲,炎洲 4306,4306
紡織纖維 ,1402,遠東新1402,遠東新,遠東新 1402,1402
紡織纖維 ,1409,新纖1409,新纖,新纖 1409,1409
紡織纖維 ,1410,南染1410,南染,南染 1410,1410
紡織纖維 ,1413,宏洲1413,宏洲,宏洲 1413,1413
紡織纖維 ,1414,東和1414,東和,東和 1414,1414
紡織纖維 ,1416,廣豐1416,廣豐,廣豐 1416,1416
紡織纖維 ,1417,嘉裕1417,嘉裕,嘉裕 1417,1417
紡織纖維 ,1418,東華1418,東華,東華 1418,1418
紡織纖維 ,1419,新紡1419,新紡,新紡 1419,1419
紡織纖維 ,1423,利華1423,利華,利華 1423,1423
紡織纖維 ,1432,大魯閣1432,大魯閣,大魯閣 1432,1432
紡織纖維 ,1434,福懋1434,福懋,福懋 1434,1434
紡織纖維 ,1439,中和1439,中和,中和 1439,1439
紡織纖維 ,1440,南紡1440,南紡,南紡 1440,1440
紡織纖維 ,1441,大東1441,大東,大東 1441,1441
紡織纖維 ,1443,立益1443,立益,立益 1443,1443
紡織纖維 ,1444,力麗1444,力麗,力麗 1444,1444
紡織纖維 ,1445,大宇1445,大宇,大宇 1445,1445
紡織纖維 ,1446,宏和1446,宏和,宏和 1446,1446
紡織纖維 ,1447,力鵬1447,力鵬,力鵬 1447,1447
紡織纖維 ,1449,佳和1449,佳和,佳和 1449,1449
紡織纖維 ,1451,年興1451,年興,年興 1451,1451
紡織纖維 ,1452,宏益1452,宏益,宏益 1452,1452
紡織纖維 ,1453,大將1453,大將,大將 1453,1453
紡織纖維 ,1454,台富1454,台富,台富 1454,1454
紡織纖維 ,1455,集盛1455,集盛,集盛 1455,1455
紡織纖維 ,1456,怡華1456,怡華,怡華 1456,1456
紡織纖維 ,1457,宜進1457,宜進,宜進 1457,1457
紡織纖維 ,1459,聯發1459,聯發,聯發 1459,1459
紡織纖維 ,1460,宏遠1460,宏遠,宏遠 1460,1460
紡織纖維 ,1463,強盛1463,強盛,強盛 1463,1463
紡織纖維 ,1464,得力1464,得力,得力 1464,1464
紡織纖維 ,1465,偉全1465,偉全,偉全 1465,1465
紡織纖維 ,1466,聚隆1466,聚隆,聚隆 1466,1466
紡織纖維 ,1467,南緯1467,南緯,南緯 1467,1467
紡織纖維 ,1468,昶和1468,昶和,昶和 1468,1468
紡織纖維 ,1469,理隆1469,理隆,理隆 1469,1469
紡織纖維 ,1470,大統染1470,大統染,大統染 1470,1470
紡織纖維 ,1472,三洋紡1472,三洋紡,三洋紡 1472,1472
紡織纖維 ,1473,台南1473,台南,台南 1473,1473
紡織纖維 ,1474,弘裕1474,弘裕,弘裕 1474,1474
紡織纖維 ,1475,本盟1475,本盟,本盟 1475,1475
紡織纖維 ,1476,儒鴻1476,儒鴻,儒鴻 1476,1476
紡織纖維 ,1477,聚陽1477,聚陽,聚陽 1477,1477
紡織纖維 ,4414,如興4414,如興,如興 4414,4414
紡織纖維 ,4426,利勤4426,利勤,利勤 4426,4426
電機機械 ,1503,士電1503,士電,士電 1503,1503
電機機械 ,1504,東元1504,東元,東元 1504,1504
電機機械 ,1506,正道1506,正道,正道 1506,1506
電機機械 ,1507,永大1507,永大,永大 1507,1507
電機機械 ,1512,瑞利1512,瑞利,瑞利 1512,1512
電機機械 ,1513,中興電1513,中興電,中興電 1513,1513
電機機械 ,1514,亞力1514,亞力,亞力 1514,1514
電機機械 ,1515,力山1515,力山,力山 1515,1515
電機機械 ,1517,利奇1517,利奇,利奇 1517,1517
電機機械 ,1519,華城1519,華城,華城 1519,1519
電機機械 ,1521,大億1521,大億,大億 1521,1521
電機機械 ,1522,堤維西1522,堤維西,堤維西 1522,1522
電機機械 ,1524,耿鼎1524,耿鼎,耿鼎 1524,1524
電機機械 ,1525,江申1525,江申,江申 1525,1525
電機機械 ,1526,日馳1526,日馳,日馳 1526,1526
電機機械 ,1527,鑽全1527,鑽全,鑽全 1527,1527
電機機械 ,1528,恩德1528,恩德,恩德 1528,1528
電機機械 ,1529,樂士1529,樂士,樂士 1529,1529
電機機械 ,1530,亞崴1530,亞崴,亞崴 1530,1530
電機機械 ,1531,高林股1531,高林股,高林股 1531,1531
電機機械 ,1532,勤美1532,勤美,勤美 1532,1532
電機機械 ,1533,車王電1533,車王電,車王電 1533,1533
電機機械 ,1535,中宇1535,中宇,中宇 1535,1535
電機機械 ,1536,和大1536,和大,和大 1536,1536
電機機械 ,1537,廣隆1537,廣隆,廣隆 1537,1537
電機機械 ,1538,正峰新1538,正峰新,正峰新 1538,1538
電機機械 ,1539,巨庭1539,巨庭,巨庭 1539,1539
電機機械 ,1540,喬福1540,喬福,喬福 1540,1540
電機機械 ,1541,錩泰1541,錩泰,錩泰 1541,1541
電機機械 ,1558,伸興1558,伸興,伸興 1558,1558
電機機械 ,1560,中砂1560,中砂,中砂 1560,1560
電機機械 ,1583,程泰1583,程泰,程泰 1583,1583
電機機械 ,1589,永冠-KY1589,永冠-KY,永冠-KY 1589,1589
電機機械 ,1590,亞德客-KY1590,亞德客-KY,亞德客-KY 1590,1590
電機機械 ,2049,上銀2049,上銀,上銀 2049,2049
電機機械 ,2228,劍麟2228,劍麟,劍麟 2228,2228
電機機械 ,2231,為升2231,為升,為升 2231,2231
電機機械 ,2371,大同2371,大同,大同 2371,2371
電機機械 ,3167,大量3167,大量,大量 3167,3167
電機機械 ,4526,東台4526,東台,東台 4526,4526
電機機械 ,4532,瑞智4532,瑞智,瑞智 4532,4532
電機機械 ,6605,帝寶6605,帝寶,帝寶 6605,6605
電機機械 ,8374,羅昇8374,羅昇,羅昇 8374,8374
電機機械 ,8996,高力8996,高力,高力 8996,8996
電器電纜 ,1603,華電1603,華電,華電 1603,1603
電器電纜 ,1604,聲寶1604,聲寶,聲寶 1604,1604
電器電纜 ,1605,華新1605,華新,華新 1605,1605
電器電纜 ,1608,華榮1608,華榮,華榮 1608,1608
電器電纜 ,1609,大亞1609,大亞,大亞 1609,1609
電器電纜 ,1611,中電1611,中電,中電 1611,1611
電器電纜 ,1612,宏泰1612,宏泰,宏泰 1612,1612
電器電纜 ,1613,台一1613,台一,台一 1613,1613
電器電纜 ,1614,三洋電1614,三洋電,三洋電 1614,1614
電器電纜 ,1615,大山1615,大山,大山 1615,1615
電器電纜 ,1616,億泰1616,億泰,億泰 1616,1616
電器電纜 ,1617,榮星1617,榮星,榮星 1617,1617
電器電纜 ,1618,合機1618,合機,合機 1618,1618
電器電纜 ,1626,艾美特-KY1626,艾美特-KY,艾美特-KY 1626,1626
電器電纜 ,4930,燦星網4930,燦星網,燦星網 4930,4930
化工,1316,上曜1316,上曜,上曜 1316,1316
化工,1704,榮化1704,榮化,榮化 1704,1704
化工,1708,東鹼1708,東鹼,東鹼 1708,1708
化工,1709,和益1709,和益,和益 1709,1709
化工,1710,東聯1710,東聯,東聯 1710,1710
化工,1711,永光1711,永光,永光 1711,1711
化工,1712,興農1712,興農,興農 1712,1712
化工,1713,國化1713,國化,國化 1713,1713
化工,1714,和桐1714,和桐,和桐 1714,1714
化工,1717,長興1717,長興,長興 1717,1717
化工,1718,中纖1718,中纖,中纖 1718,1718
化工,1721,三晃1721,三晃,三晃 1721,1721
化工,1722,台肥1722,台肥,台肥 1722,1722
化工,1723,中碳1723,中碳,中碳 1723,1723
化工,1724,台硝1724,台硝,台硝 1724,1724
化工,1725,元禎1725,元禎,元禎 1725,1725
化工,1726,永記1726,永記,永記 1726,1726
化工,1727,中華化1727,中華化,中華化 1727,1727
化工,1730,花仙子1730,花仙子,花仙子 1730,1730
化工,1732,毛寶1732,毛寶,毛寶 1732,1732
化工,1735,日勝化1735,日勝化,日勝化 1735,1735
化工,1773,勝一1773,勝一,勝一 1773,1773
化工,4720,德淵4720,德淵,德淵 4720,4720
化工,4722,國精化4722,國精化,國精化 4722,4722
化工,4725,信昌化4725,信昌化,信昌化 4725,4725
化工,4733,上緯4733,上緯,上緯 4733,4733
化工,4755,三福化4755,三福化,三福化 4755,4755
生技醫療,1701,中化1701,中化,中化 1701,1701
生技醫療,1707,葡萄王1707,葡萄王,葡萄王 1707,1707
生技醫療,1720,生達1720,生達,生達 1720,1720
生技醫療,1729,必翔1729,必翔,必翔 1729,1729
生技醫療,1731,美吾華1731,美吾華,美吾華 1731,1731
生技醫療,1733,五鼎1733,五鼎,五鼎 1733,1733
生技醫療,1734,杏輝1734,杏輝,杏輝 1734,1734
生技醫療,1736,喬山1736,喬山,喬山 1736,1736
生技醫療,1762,中化生1762,中化生,中化生 1762,1762
生技醫療,1783,和康生1783,和康生,和康生 1783,1783
生技醫療,1786,科妍1786,科妍,科妍 1786,1786
生技醫療,1789,神隆1789,神隆,神隆 1789,1789
生技醫療,3164,景岳3164,景岳,景岳 3164,3164
生技醫療,3705,永信3705,永信,永信 3705,3705
生技醫療,4104,佳醫4104,佳醫,佳醫 4104,4104
生技醫療,4106,雃博4106,雃博,雃博 4106,4106
生技醫療,4108,懷特4108,懷特,懷特 4108,4108
生技醫療,4119,旭富4119,旭富,旭富 4119,4119
生技醫療,4133,亞諾法4133,亞諾法,亞諾法 4133,4133
生技醫療,4137,麗豐-KY4137,麗豐-KY,麗豐-KY 4137,4137
生技醫療,4141,龍燈-KY4141,龍燈-KY,龍燈-KY 4141,4141
生技醫療,4142,國光生4142,國光生,國光生 4142,4142
生技醫療,4144,康聯-KY4144,康聯-KY,康聯-KY 4144,4144
生技醫療,4164,承業醫4164,承業醫,承業醫 4164,4164
生技醫療,4737,華廣4737,華廣,華廣 4737,4737
生技醫療,4746,台耀4746,台耀,台耀 4746,4746
玻璃陶瓷,1802,台玻1802,台玻,台玻 1802,1802
玻璃陶瓷,1806,冠軍1806,冠軍,冠軍 1806,1806
玻璃陶瓷,1809,中釉1809,中釉,中釉 1809,1809
玻璃陶瓷,1810,和成1810,和成,和成 1810,1810
玻璃陶瓷,1817,凱撒衛1817,凱撒衛,凱撒衛 1817,1817
造紙 ,1902,台紙1902,台紙,台紙 1902,1902
造紙 ,1903,士紙1903,士紙,士紙 1903,1903
造紙 ,1904,正隆1904,正隆,正隆 1904,1904
造紙 ,1905,華紙1905,華紙,華紙 1905,1905
造紙 ,1906,寶隆1906,寶隆,寶隆 1906,1906
造紙 ,1907,永豐餘1907,永豐餘,永豐餘 1907,1907
造紙 ,1909,榮成1909,榮成,榮成 1909,1909
鋼鐵 ,2002,中鋼2002,中鋼,中鋼 2002,2002
鋼鐵 ,2006,東和鋼鐵2006,東和鋼鐵,東和鋼鐵 2006,2006
鋼鐵 ,2007,燁興2007,燁興,燁興 2007,2007
鋼鐵 ,2008,高興昌2008,高興昌,高興昌 2008,2008
鋼鐵 ,2009,第一銅2009,第一銅,第一銅 2009,2009
鋼鐵 ,2010,春源2010,春源,春源 2010,2010
鋼鐵 ,2012,春雨2012,春雨,春雨 2012,2012
鋼鐵 ,2013,中鋼構2013,中鋼構,中鋼構 2013,2013
鋼鐵 ,2014,中鴻2014,中鴻,中鴻 2014,2014
鋼鐵 ,2015,豐興2015,豐興,豐興 2015,2015
鋼鐵 ,2017,官田鋼2017,官田鋼,官田鋼 2017,2017
鋼鐵 ,2020,美亞2020,美亞,美亞 2020,2020
鋼鐵 ,2022,聚亨2022,聚亨,聚亨 2022,2022
鋼鐵 ,2023,燁輝2023,燁輝,燁輝 2023,2023
鋼鐵 ,2024,志聯2024,志聯,志聯 2024,2024
鋼鐵 ,2025,千興2025,千興,千興 2025,2025
鋼鐵 ,2027,大成鋼2027,大成鋼,大成鋼 2027,2027
鋼鐵 ,2028,威致2028,威致,威致 2028,2028
鋼鐵 ,2029,盛餘2029,盛餘,盛餘 2029,2029
鋼鐵 ,2030,彰源2030,彰源,彰源 2030,2030
鋼鐵 ,2031,新光鋼2031,新光鋼,新光鋼 2031,2031
鋼鐵 ,2032,新鋼2032,新鋼,新鋼 2032,2032
鋼鐵 ,2033,佳大2033,佳大,佳大 2033,2033
鋼鐵 ,2034,允強2034,允強,允強 2034,2034
鋼鐵 ,2038,海光2038,海光,海光 2038,2038
鋼鐵 ,3004,豐達科3004,豐達科,豐達科 3004,3004
鋼鐵 ,5007,三星5007,三星,三星 5007,5007
鋼鐵 ,5538,東明-KY5538,東明-KY,東明-KY 5538,5538
鋼鐵 ,9958,世紀鋼9958,世紀鋼,世紀鋼 9958,9958
橡膠 ,2101,南港2101,南港,南港 2101,2101
橡膠 ,2102,泰豐2102,泰豐,泰豐 2102,2102
橡膠 ,2103,台橡2103,台橡,台橡 2103,2103
橡膠 ,2104,中橡2104,中橡,中橡 2104,2104
橡膠 ,2105,正新2105,正新,正新 2105,2105
橡膠 ,2106,建大2106,建大,建大 2106,2106
橡膠 ,2107,厚生2107,厚生,厚生 2107,2107
橡膠 ,2108,南帝2108,南帝,南帝 2108,2108
橡膠 ,2109,華豐2109,華豐,華豐 2109,2109
橡膠 ,2114,鑫永銓2114,鑫永銓,鑫永銓 2114,2114
橡膠 ,2115,六暉-KY2115,六暉-KY,六暉-KY 2115,2115
汽車 ,1338,廣華-KY1338,廣華-KY,廣華-KY 1338,1338
汽車 ,2201,裕隆2201,裕隆,裕隆 2201,2201
汽車 ,2204,中華2204,中華,中華 2204,2204
汽車 ,2206,三陽工業2206,三陽工業,三陽工業 2206,2206
汽車 ,2207,和泰車2207,和泰車,和泰車 2207,2207
汽車 ,2227,裕日車2227,裕日車,裕日車 2227,2227
半導體 ,1437,勤益控1437,勤益控,勤益控 1437,1437
半導體 ,2302,麗正2302,麗正,麗正 2302,2302
半導體 ,2303,聯電2303,聯電,聯電 2303,2303
半導體 ,2311,日月光2311,日月光,日月光 2311,2311
半導體 ,2325,矽品2325,矽品,矽品 2325,2325
半導體 ,2329,華泰2329,華泰,華泰 2329,2329
半導體 ,2330,台積電2330,台積電,台積電 2330,2330
半導體 ,2337,旺宏2337,旺宏,旺宏 2337,2337
半導體 ,2338,光罩2338,光罩,光罩 2338,2338
半導體 ,2342,茂矽2342,茂矽,茂矽 2342,2342
半導體 ,2344,華邦電2344,華邦電,華邦電 2344,2344
半導體 ,2351,順德2351,順德,順德 2351,2351
半導體 ,2363,矽統2363,矽統,矽統 2363,2363
半導體 ,2369,菱生2369,菱生,菱生 2369,2369
半導體 ,2379,瑞昱2379,瑞昱,瑞昱 2379,2379
半導體 ,2388,威盛2388,威盛,威盛 2388,2388
半導體 ,2401,凌陽2401,凌陽,凌陽 2401,2401
半導體 ,2408,南亞科2408,南亞科,南亞科 2408,2408
半導體 ,2434,統懋2434,統懋,統懋 2434,2434
半導體 ,2436,偉詮電2436,偉詮電,偉詮電 2436,2436
半導體 ,2441,超豐2441,超豐,超豐 2441,2441
半導體 ,2449,京元電子2449,京元電子,京元電子 2449,2449
半導體 ,2451,創見2451,創見,創見 2451,2451
半導體 ,2454,聯發科2454,聯發科,聯發科 2454,2454
半導體 ,2458,義隆2458,義隆,義隆 2458,2458
半導體 ,2481,強茂2481,強茂,強茂 2481,2481
半導體 ,3006,晶豪科3006,晶豪科,晶豪科 3006,3006
半導體 ,3014,聯陽3014,聯陽,聯陽 3014,3014
半導體 ,3016,嘉晶3016,嘉晶,嘉晶 3016,3016
半導體 ,3034,聯詠3034,聯詠,聯詠 3034,3034
半導體 ,3035,智原3035,智原,智原 3035,3035
半導體 ,3041,揚智3041,揚智,揚智 3041,3041
半導體 ,3054,立萬利3054,立萬利,立萬利 3054,3054
半導體 ,3094,聯傑3094,聯傑,聯傑 3094,3094
半導體 ,3189,景碩3189,景碩,景碩 3189,3189
半導體 ,3257,虹冠電3257,虹冠電,虹冠電 3257,3257
半導體 ,3443,創意3443,創意,創意 3443,3443
半導體 ,3474,華亞科3474,華亞科,華亞科 3474,3474
半導體 ,3519,綠能3519,綠能,綠能 3519,3519
半導體 ,3532,台勝科3532,台勝科,台勝科 3532,3532
半導體 ,3536,誠創3536,誠創,誠創 3536,3536
半導體 ,3545,敦泰3545,敦泰,敦泰 3545,3545
半導體 ,3559,全智科3559,全智科,全智科 3559,3559
半導體 ,3579,尚志3579,尚志,尚志 3579,3579
半導體 ,3583,辛耘3583,辛耘,辛耘 3583,3583
半導體 ,3588,通嘉3588,通嘉,通嘉 3588,3588
半導體 ,3686,達能3686,達能,達能 3686,3686
半導體 ,4919,新唐4919,新唐,新唐 4919,4919
半導體 ,4952,凌通4952,凌通,凌通 4952,4952
半導體 ,5269,祥碩5269,祥碩,祥碩 5269,5269
半導體 ,5285,界霖5285,界霖,界霖 5285,5285
半導體 ,5305,敦南5305,敦南,敦南 5305,5305
半導體 ,5471,松翰5471,松翰,松翰 5471,5471
半導體 ,6202,盛群6202,盛群,盛群 6202,6202
半導體 ,6239,力成6239,力成,力成 6239,6239
半導體 ,6243,迅杰6243,迅杰,迅杰 6243,6243
半導體 ,6257,矽格6257,矽格,矽格 6257,6257
半導體 ,6271,同欣電6271,同欣電,同欣電 6271,6271
半導體 ,6415,矽力-KY6415,矽力-KY,矽力-KY 6415,6415
半導體 ,8016,矽創8016,矽創,矽創 8016,8016
半導體 ,8081,致新8081,致新,致新 8081,8081
半導體 ,8110,華東8110,華東,華東 8110,8110
半導體 ,8131,福懋科8131,福懋科,福懋科 8131,8131
半導體 ,8150,南茂8150,南茂,南茂 8150,8150
半導體 ,8261,富鼎8261,富鼎,富鼎 8261,8261
半導體 ,8271,宇瞻8271,宇瞻,宇瞻 8271,8271
電腦及週邊設備,2301,光寶科2301,光寶科,光寶科 2301,2301
電腦及週邊設備,2305,全友2305,全友,全友 2305,2305
電腦及週邊設備,2324,仁寶2324,仁寶,仁寶 2324,2324
電腦及週邊設備,2331,精英2331,精英,精英 2331,2331
電腦及週邊設備,2352,佳世達2352,佳世達,佳世達 2352,2352
電腦及週邊設備,2353,宏碁2353,宏碁,宏碁 2353,2353
電腦及週邊設備,2356,英業達2356,英業達,英業達 2356,2356
電腦及週邊設備,2357,華碩2357,華碩,華碩 2357,2357
電腦及週邊設備,2358,廷鑫2358,廷鑫,廷鑫 2358,2358
電腦及週邊設備,2362,藍天2362,藍天,藍天 2362,2362
電腦及週邊設備,2364,倫飛2364,倫飛,倫飛 2364,2364
電腦及週邊設備,2365,昆盈2365,昆盈,昆盈 2365,2365
電腦及週邊設備,2376,技嘉2376,技嘉,技嘉 2376,2376
電腦及週邊設備,2377,微星2377,微星,微星 2377,2377
電腦及週邊設備,2380,虹光2380,虹光,虹光 2380,2380
電腦及週邊設備,2382,廣達2382,廣達,廣達 2382,2382
電腦及週邊設備,2387,精元2387,精元,精元 2387,2387
電腦及週邊設備,2395,研華2395,研華,研華 2395,2395
電腦及週邊設備,2397,友通2397,友通,友通 2397,2397
電腦及週邊設備,2399,映泰2399,映泰,映泰 2399,2399
電腦及週邊設備,2405,浩鑫2405,浩鑫,浩鑫 2405,2405
電腦及週邊設備,2417,圓剛2417,圓剛,圓剛 2417,2417
電腦及週邊設備,2424,隴華2424,隴華,隴華 2424,2424
電腦及週邊設備,2425,承啟2425,承啟,承啟 2425,2425
電腦及週邊設備,2442,新美齊2442,新美齊,新美齊 2442,2442
電腦及週邊設備,2465,麗臺2465,麗臺,麗臺 2465,2465
電腦及週邊設備,3002,歐格3002,歐格,歐格 3002,3002
電腦及週邊設備,3005,神基3005,神基,神基 3005,3005
電腦及週邊設備,3013,晟銘電3013,晟銘電,晟銘電 3013,3013
電腦及週邊設備,3017,奇鋐3017,奇鋐,奇鋐 3017,3017
電腦及週邊設備,3022,威強電3022,威強電,威強電 3022,3022
電腦及週邊設備,3046,建碁3046,建碁,建碁 3046,3046
電腦及週邊設備,3057,喬鼎3057,喬鼎,喬鼎 3057,3057
電腦及週邊設備,3060,銘異3060,銘異,銘異 3060,3060
電腦及週邊設備,3231,緯創3231,緯創,緯創 3231,3231
電腦及週邊設備,3416,融程電3416,融程電,融程電 3416,3416
電腦及週邊設備,3494,誠研3494,誠研,誠研 3494,3494
電腦及週邊設備,3515,華擎3515,華擎,華擎 3515,3515
電腦及週邊設備,3701,大眾控3701,大眾控,大眾控 3701,3701
電腦及週邊設備,3706,神達3706,神達,神達 3706,3706
電腦及週邊設備,4915,致伸4915,致伸,致伸 4915,4915
電腦及週邊設備,4916,事欣科4916,事欣科,事欣科 4916,4916
電腦及週邊設備,4938,和碩4938,和碩,和碩 4938,4938
電腦及週邊設備,5215,科嘉-KY5215,科嘉-KY,科嘉-KY 5215,5215
電腦及週邊設備,5264,鎧勝-KY5264,鎧勝-KY,鎧勝-KY 5264,5264
電腦及週邊設備,6117,迎廣6117,迎廣,迎廣 6117,6117
電腦及週邊設備,6128,上福6128,上福,上福 6128,6128
電腦及週邊設備,6166,凌華6166,凌華,凌華 6166,6166
電腦及週邊設備,6172,互億6172,互億,互億 6172,6172
電腦及週邊設備,6206,飛捷6206,飛捷,飛捷 6206,6206
電腦及週邊設備,6230,超眾6230,超眾,超眾 6230,6230
電腦及週邊設備,6235,華孚6235,華孚,華孚 6235,6235
電腦及週邊設備,6277,宏正6277,宏正,宏正 6277,6277
電腦及週邊設備,6414,樺漢6414,樺漢,樺漢 6414,6414
電腦及週邊設備,8114,振樺電8114,振樺電,振樺電 8114,8114
電腦及週邊設備,8163,達方8163,達方,達方 8163,8163
電腦及週邊設備,8210,勤誠8210,勤誠,勤誠 8210,8210
電腦及週邊設備,9912,偉聯9912,偉聯,偉聯 9912,9912
光電 ,2323,中環2323,中環,中環 2323,2323
光電 ,2340,光磊2340,光磊,光磊 2340,2340
光電 ,2349,錸德2349,錸德,錸德 2349,2349
光電 ,2374,佳能2374,佳能,佳能 2374,2374
光電 ,2393,億光2393,億光,億光 2393,2393
光電 ,2406,國碩2406,國碩,國碩 2406,2406
光電 ,2409,友達2409,友達,友達 2409,2409
光電 ,2426,鼎元2426,鼎元,鼎元 2426,2426
光電 ,2438,翔耀2438,翔耀,翔耀 2438,2438
光電 ,2448,晶電2448,晶電,晶電 2448,2448
光電 ,2466,冠西電2466,冠西電,冠西電 2466,2466
光電 ,2475,華映2475,華映,華映 2475,2475
光電 ,2486,一詮2486,一詮,一詮 2486,2486
光電 ,2489,瑞軒2489,瑞軒,瑞軒 2489,2489
光電 ,2491,吉祥全2491,吉祥全,吉祥全 2491,2491
光電 ,2499,東貝2499,東貝,東貝 2499,2499
光電 ,3008,大立光3008,大立光,大立光 3008,3008
光電 ,3019,亞光3019,亞光,亞光 3019,3019
光電 ,3024,憶聲3024,憶聲,憶聲 3024,3024
光電 ,3031,佰鴻3031,佰鴻,佰鴻 3031,3031
光電 ,3038,全台3038,全台,全台 3038,3038
光電 ,3049,和鑫3049,和鑫,和鑫 3049,3049
光電 ,3050,鈺德3050,鈺德,鈺德 3050,3050
光電 ,3051,力特3051,力特,力特 3051,3051
光電 ,3059,華晶科3059,華晶科,華晶科 3059,3059
光電 ,3149,正達3149,正達,正達 3149,3149
光電 ,3356,奇偶3356,奇偶,奇偶 3356,3356
光電 ,3383,新世紀3383,新世紀,新世紀 3383,3383
光電 ,3406,玉晶光3406,玉晶光,玉晶光 3406,3406
光電 ,3454,晶睿3454,晶睿,晶睿 3454,3454
光電 ,3481,群創3481,群創,群創 3481,3481
光電 ,3504,揚明光3504,揚明光,揚明光 3504,3504
光電 ,3514,昱晶3514,昱晶,昱晶 3514,3514
光電 ,3535,晶彩科3535,晶彩科,晶彩科 3535,3535
光電 ,3557,嘉威3557,嘉威,嘉威 3557,3557
光電 ,3561,昇陽上市-光電3561,昇陽上市-光電,昇陽上市-光電 3561,3561
光電 ,3576,新日光3576,新日光,新日光 3576,3576
光電 ,3591,艾笛森3591,艾笛森,艾笛森 3591,3591
光電 ,3622,洋華3622,洋華,洋華 3622,3622
光電 ,3669,圓展3669,圓展,圓展 3669,3669
光電 ,3673,TPK-KY3673,TPK-KY,TPK-KY 3673,3673
光電 ,3698,隆達3698,隆達,隆達 3698,3698
光電 ,4934,太極4934,太極,太極 4934,4934
光電 ,4935,茂林-KY4935,茂林-KY,茂林-KY 4935,4935
光電 ,4942,嘉彰4942,嘉彰,嘉彰 4942,4942
光電 ,4956,光鋐4956,光鋐,光鋐 4956,4956
光電 ,4960,奇美材4960,奇美材,奇美材 4960,4960
光電 ,4976,佳凌4976,佳凌,佳凌 4976,4976
光電 ,5234,達興材料5234,達興材料,達興材料 5234,5234
光電 ,5243,乙盛-KY5243,乙盛-KY,乙盛-KY 5243,5243
光電 ,5259,清惠5259,清惠,清惠 5259,5259
光電 ,5484,慧友5484,慧友,慧友 5484,5484
光電 ,6116,彩晶6116,彩晶,彩晶 6116,6116
光電 ,6120,達運6120,達運,達運 6120,6120
光電 ,6131,悠克6131,悠克,悠克 6131,6131
光電 ,6164,華興6164,華興,華興 6164,6164
光電 ,6168,宏齊6168,宏齊,宏齊 6168,6168
光電 ,6176,瑞儀6176,瑞儀,瑞儀 6176,6176
光電 ,6209,今國光6209,今國光,今國光 6209,6209
光電 ,6225,天瀚6225,天瀚,天瀚 6225,6225
光電 ,6226,光鼎6226,光鼎,光鼎 6226,6226
光電 ,6278,台表科6278,台表科,台表科 6278,6278
光電 ,6289,華上6289,華上,華上 6289,6289
光電 ,6405,悅城6405,悅城,悅城 6405,6405
光電 ,8072,陞泰8072,陞泰,陞泰 8072,8072
光電 ,8105,凌巨8105,凌巨,凌巨 8105,8105
光電 ,8215,明基材8215,明基材,明基材 8215,8215
通信網路,2314,台揚2314,台揚,台揚 2314,2314
通信網路,2321,東訊2321,東訊,東訊 2321,2321
通信網路,2332,友訊2332,友訊,友訊 2332,2332
通信網路,2345,智邦2345,智邦,智邦 2345,2345
通信網路,2412,中華電2412,中華電,中華電 2412,2412
通信網路,2419,仲琦2419,仲琦,仲琦 2419,2419
通信網路,2439,美律2439,美律,美律 2439,2439
通信網路,2444,友旺2444,友旺,友旺 2444,2444
通信網路,2450,神腦2450,神腦,神腦 2450,2450
通信網路,2455,全新2455,全新,全新 2455,2455
通信網路,2485,兆赫2485,兆赫,兆赫 2485,2485
通信網路,2496,卓越2496,卓越,卓越 2496,2496
通信網路,2498,宏達電2498,宏達電,宏達電 2498,2498
通信網路,3025,星通3025,星通,星通 3025,3025
通信網路,3027,盛達3027,盛達,盛達 3027,3027
通信網路,3045,台灣大3045,台灣大,台灣大 3045,3045
通信網路,3047,訊舟3047,訊舟,訊舟 3047,3047
通信網路,3062,建漢3062,建漢,建漢 3062,3062
通信網路,3311,閎暉3311,閎暉,閎暉 3311,3311
通信網路,3380,明泰3380,明泰,明泰 3380,3380
通信網路,3419,譁裕3419,譁裕,譁裕 3419,3419
通信網路,3596,智易3596,智易,智易 3596,3596
通信網路,3682,亞太電3682,亞太電,亞太電 3682,3682
通信網路,3694,海華3694,海華,海華 3694,3694
通信網路,3704,合勤控3704,合勤控,合勤控 3704,3704
通信網路,4904,遠傳4904,遠傳,遠傳 4904,4904
通信網路,4906,正文4906,正文,正文 4906,4906
通信網路,4977,眾達-KY4977,眾達-KY,眾達-KY 4977,4977
通信網路,4984,科納-KY4984,科納-KY,科納-KY 4984,4984
通信網路,5388,中磊5388,中磊,中磊 5388,5388
通信網路,6136,富爾特6136,富爾特,富爾特 6136,6136
通信網路,6142,友勁6142,友勁,友勁 6142,6142
通信網路,6152,百一6152,百一,百一 6152,6152
通信網路,6216,居易6216,居易,居易 6216,6216
通信網路,6283,淳安6283,淳安,淳安 6283,6283
通信網路,6285,啟碁6285,啟碁,啟碁 6285,6285
通信網路,8011,台通8011,台通,台通 8011,8011
通信網路,8101,華冠8101,華冠,華冠 8101,8101
電子零組件 ,1471,首利1471,首利,首利 1471,1471
電子零組件 ,1582,信錦1582,信錦,信錦 1582,1582
電子零組件 ,2059,川湖2059,川湖,川湖 2059,2059
電子零組件 ,2308,台達電2308,台達電,台達電 2308,2308
電子零組件 ,2313,華通2313,華通,華通 2313,2313
電子零組件 ,2316,楠梓電2316,楠梓電,楠梓電 2316,2316
電子零組件 ,2327,國巨2327,國巨,國巨 2327,2327
電子零組件 ,2328,廣宇2328,廣宇,廣宇 2328,2328
電子零組件 ,2355,敬鵬2355,敬鵬,敬鵬 2355,2355
電子零組件 ,2367,燿華2367,燿華,燿華 2367,2367
電子零組件 ,2368,金像電2368,金像電,金像電 2368,2368
電子零組件 ,2375,智寶2375,智寶,智寶 2375,2375
電子零組件 ,2383,台上市-光電2383,台上市-光電,台上市-光電 2383,2383
電子零組件 ,2385,群光2385,群光,群光 2385,2385
電子零組件 ,2392,正崴2392,正崴,正崴 2392,2392
電子零組件 ,2402,毅嘉2402,毅嘉,毅嘉 2402,2402
電子零組件 ,2413,環科2413,環科,環科 2413,2413
電子零組件 ,2415,錩新2415,錩新,錩新 2415,2415
電子零組件 ,2420,新巨2420,新巨,新巨 2420,2420
電子零組件 ,2421,建準2421,建準,建準 2421,2421
電子零組件 ,2428,興勤2428,興勤,興勤 2428,2428
電子零組件 ,2429,銘旺科2429,銘旺科,銘旺科 2429,2429
電子零組件 ,2431,聯昌2431,聯昌,聯昌 2431,2431
電子零組件 ,2437,旺詮2437,旺詮,旺詮 2437,2437
電子零組件 ,2440,太空梭2440,太空梭,太空梭 2440,2440
電子零組件 ,2443,新利虹2443,新利虹,新利虹 2443,2443
電子零組件 ,2456,奇力新2456,奇力新,奇力新 2456,2456
電子零組件 ,2457,飛宏2457,飛宏,飛宏 2457,2457
電子零組件 ,2460,建通2460,建通,建通 2460,2460
電子零組件 ,2462,良得電2462,良得電,良得電 2462,2462
電子零組件 ,2467,志聖2467,志聖,志聖 2467,2467
電子零組件 ,2472,立隆電2472,立隆電,立隆電 2472,2472
電子零組件 ,2476,鉅祥2476,鉅祥,鉅祥 2476,2476
電子零組件 ,2478,大毅2478,大毅,大毅 2478,2478
電子零組件 ,2483,百容2483,百容,百容 2483,2483
電子零組件 ,2484,希華2484,希華,希華 2484,2484
電子零組件 ,2492,華新科2492,華新科,華新科 2492,2492
電子零組件 ,2493,揚博2493,揚博,揚博 2493,2493
電子零組件 ,3003,健和興3003,健和興,健和興 3003,3003
電子零組件 ,3011,今皓3011,今皓,今皓 3011,3011
電子零組件 ,3015,全漢3015,全漢,全漢 3015,3015
電子零組件 ,3021,鴻名3021,鴻名,鴻名 3021,3021
電子零組件 ,3023,信邦3023,信邦,信邦 3023,3023
電子零組件 ,3026,禾伸堂3026,禾伸堂,禾伸堂 3026,3026
電子零組件 ,3032,偉訓3032,偉訓,偉訓 3032,3032
電子零組件 ,3037,欣興3037,欣興,欣興 3037,3037
電子零組件 ,3042,晶技3042,晶技,晶技 3042,3042
電子零組件 ,3044,健鼎3044,健鼎,健鼎 3044,3044
電子零組件 ,3058,立德3058,立德,立德 3058,3058
電子零組件 ,3090,日電貿3090,日電貿,日電貿 3090,3090
電子零組件 ,3229,晟鈦3229,晟鈦,晟鈦 3229,3229
電子零組件 ,3296,勝德3296,勝德,勝德 3296,3296
電子零組件 ,3308,聯德3308,聯德,聯德 3308,3308
電子零組件 ,3338,泰碩3338,泰碩,泰碩 3338,3338
電子零組件 ,3376,新日興3376,新日興,新日興 3376,3376
電子零組件 ,3432,台端3432,台端,台端 3432,3432
電子零組件 ,3501,維熹3501,維熹,維熹 3501,3501
電子零組件 ,3533,嘉澤3533,嘉澤,嘉澤 3533,3533
電子零組件 ,3550,聯穎3550,聯穎,聯穎 3550,3550
電子零組件 ,3593,力銘3593,力銘,力銘 3593,3593
電子零組件 ,3605,宏致3605,宏致,宏致 3605,3605
電子零組件 ,3607,谷崧3607,谷崧,谷崧 3607,3607
電子零組件 ,3645,達邁3645,達邁,達邁 3645,3645
電子零組件 ,3653,健策3653,健策,健策 3653,3653
電子零組件 ,3679,新至陞3679,新至陞,新至陞 3679,3679
電子零組件 ,4912,聯德控股-KY4912,聯德控股-KY,聯德控股-KY 4912,4912
電子零組件 ,4927,泰鼎-KY4927,泰鼎-KY,泰鼎-KY 4927,4927
電子零組件 ,4958,臻鼎-KY4958,臻鼎-KY,臻鼎-KY 4958,4958
電子零組件 ,4999,鑫禾4999,鑫禾,鑫禾 4999,4999
電子零組件 ,5469,瀚宇博5469,瀚宇博,瀚宇博 5469,5469
電子零組件 ,6108,競國6108,競國,競國 6108,6108
電子零組件 ,6115,鎰勝6115,鎰勝,鎰勝 6115,6115
電子零組件 ,6133,金橋6133,金橋,金橋 6133,6133
電子零組件 ,6141,柏承6141,柏承,柏承 6141,6141
電子零組件 ,6153,嘉聯益6153,嘉聯益,嘉聯益 6153,6153
電子零組件 ,6155,鈞寶6155,鈞寶,鈞寶 6155,6155
電子零組件 ,6165,捷泰6165,捷泰,捷泰 6165,6165
電子零組件 ,6191,精成科6191,精成科,精成科 6191,6191
電子零組件 ,6197,佳必琪6197,佳必琪,佳必琪 6197,6197
電子零組件 ,6205,詮欣6205,詮欣,詮欣 6205,6205
電子零組件 ,6213,聯茂6213,聯茂,聯茂 6213,6213
電子零組件 ,6224,聚鼎6224,聚鼎,聚鼎 6224,6224
電子零組件 ,6251,定穎6251,定穎,定穎 6251,6251
電子零組件 ,6269,台郡6269,台郡,台郡 6269,6269
電子零組件 ,6282,康舒6282,康舒,康舒 6282,6282
電子零組件 ,6412,群電6412,群電,群電 6412,6412
電子零組件 ,8039,台虹8039,台虹,台虹 8039,8039
電子零組件 ,8046,南電8046,南電,南電 8046,8046
電子零組件 ,8103,瀚荃8103,瀚荃,瀚荃 8103,8103
電子零組件 ,8213,志超8213,志超,志超 8213,8213
電子零組件 ,8249,菱光8249,菱光,菱光 8249,8249
電子通路 ,2347,聯強2347,聯強,聯強 2347,2347
電子通路 ,2414,精技2414,精技,精技 2414,2414
電子通路 ,2430,燦坤2430,燦坤,燦坤 2430,2430
電子通路 ,2459,敦吉2459,敦吉,敦吉 2459,2459
電子通路 ,3010,華立3010,華立,華立 3010,3010
電子通路 ,3028,增你強3028,增你強,增你強 3028,3028
電子通路 ,3033,威健3033,威健,威健 3033,3033
電子通路 ,3036,文曄3036,文曄,文曄 3036,3036
電子通路 ,3048,益登3048,益登,益登 3048,3048
電子通路 ,3055,蔚華科3055,蔚華科,蔚華科 3055,3055
電子通路 ,3209,全科3209,全科,全科 3209,3209
電子通路 ,3312,弘憶股3312,弘憶股,弘憶股 3312,3312
電子通路 ,3315,宣昶3315,宣昶,宣昶 3315,3315
電子通路 ,3528,安馳3528,安馳,安馳 3528,3528
電子通路 ,3702,大聯大3702,大聯大,大聯大 3702,3702
電子通路 ,5434,崇越5434,崇越,崇越 5434,5434
電子通路 ,6145,勁永6145,勁永,勁永 6145,6145
電子通路 ,6189,豐藝6189,豐藝,豐藝 6189,6189
電子通路 ,6281,全國電6281,全國電,全國電 6281,6281
電子通路 ,8070,長華8070,長華,長華 8070,8070
電子通路 ,8112,至上8112,至上,至上 8112,8112
資訊服務 ,2427,三商電2427,三商電,三商電 2427,2427
資訊服務 ,2453,凌群2453,凌群,凌群 2453,2453
資訊服務 ,2468,華經2468,華經,華經 2468,2468
資訊服務 ,2471,資通2471,資通,資通 2471,2471
資訊服務 ,2480,敦陽科2480,敦陽科,敦陽科 2480,2480
資訊服務 ,3029,零壹3029,零壹,零壹 3029,3029
資訊服務 ,3130,一零四3130,一零四,一零四 3130,3130
資訊服務 ,4994,傳奇4994,傳奇,傳奇 4994,4994
資訊服務 ,5203,訊連5203,訊連,訊連 5203,5203
資訊服務 ,6112,聚碩6112,聚碩,聚碩 6112,6112
資訊服務 ,6183,關貿6183,關貿,關貿 6183,6183
資訊服務 ,6214,精誠6214,精誠,精誠 6214,6214
上市-其他 電子,2312,金寶2359,金寶,金寶 2312,2312
上市-其他 電子,2317,鴻海,#VALUE!,#VALUE!,2317
上市-其他 電子,2354,鴻準,#VALUE!,#VALUE!,2354
上市-其他 電子,2359,所羅門2359,所羅門,所羅門 2359,2359
上市-其他 電子,2360,致茂2360,致茂,致茂 2360,2360
上市-其他 電子,2373,震旦行2373,震旦行,震旦行 2373,2373
上市-其他 電子,2390,云辰2390,云辰,云辰 2390,2390
上市-其他 電子,2404,漢唐2404,漢唐,漢唐 2404,2404
上市-其他 電子,2423,固緯2423,固緯,固緯 2423,2423
上市-其他 電子,2433,互盛電2433,互盛電,互盛電 2433,2433
上市-其他 電子,2461,光群雷2461,光群雷,光群雷 2461,2461
上市-其他 電子,2464,盟立2464,盟立,盟立 2464,2464
上市-其他 電子,2474,可成2474,可成,可成 2474,2474
上市-其他 電子,2477,美隆電2477,美隆電,美隆電 2477,2477
上市-其他 電子,2482,連宇2482,連宇,連宇 2482,2482
上市-其他 電子,2488,漢平2488,漢平,漢平 2488,2488
上市-其他 電子,2495,普安2495,普安,普安 2495,2495
上市-其他 電子,2497,怡利電2497,怡利電,怡利電 2497,2497
上市-其他 電子,3018,同開3018,同開,同開 3018,3018
上市-其他 電子,3030,德律3030,德律,德律 3030,3030
上市-其他 電子,3043,科風3043,科風,科風 3043,3043
上市-其他 電子,3305,昇貿3305,昇貿,昇貿 3305,3305
上市-其他 電子,3450,聯鈞3450,聯鈞,聯鈞 3450,3450
上市-其他 電子,3518,柏騰3518,柏騰,柏騰 3518,3518
上市-其他 電子,3617,碩天3617,碩天,碩天 3617,3617
上市-其他 電子,3665,貿聯-KY3665,貿聯-KY,貿聯-KY 3665,3665
上市-其他 電子,5225,東科-KY5225,東科-KY,東科-KY 5225,5225
上市-其他 電子,6139,亞翔6139,亞翔,亞翔 6139,6139
上市-其他 電子,6192,巨路6192,巨路,巨路 6192,6192
上市-其他 電子,6196,帆宣6196,帆宣,帆宣 6196,6196
上市-其他 電子,6201,亞弘電6201,亞弘電,亞弘電 6201,6201
上市-其他 電子,6215,和椿6215,和椿,和椿 6215,6215
上市-其他 電子,6409,旭隼6409,旭隼,旭隼 6409,6409
上市-其他 電子,8021,尖點8021,尖點,尖點 8021,8021
上市-其他 電子,8201,無敵8201,無敵,無敵 8201,8201
建材營造,1436,華友聯1436,華友聯,華友聯 1436,1436
建材營造,1438,裕豐1438,裕豐,裕豐 1438,1438
建材營造,1442,名軒1442,名軒,名軒 1442,1442
建材營造,1805,寶徠1805,寶徠,寶徠 1805,1805
建材營造,1808,潤隆1808,潤隆,潤隆 1808,1808
建材營造,2501,國建2501,國建,國建 2501,2501
建材營造,2504,國產2504,國產,國產 2504,2504
建材營造,2505,國揚2505,國揚,國揚 2505,2505
建材營造,2506,太設2506,太設,太設 2506,2506
建材營造,2509,全坤建2509,全坤建,全坤建 2509,2509
建材營造,2511,太子2511,太子,太子 2511,2511
建材營造,2515,中工2515,中工,中工 2515,2515
建材營造,2516,新建2516,新建,新建 2516,2516
建材營造,2520,冠德2520,冠德,冠德 2520,2520
建材營造,2524,京城2524,京城,京城 2524,2524
建材營造,2527,宏璟2527,宏璟,宏璟 2527,2527
建材營造,2528,皇普2528,皇普,皇普 2528,2528
建材營造,2530,華建2530,華建,華建 2530,2530
建材營造,2534,宏盛2534,宏盛,宏盛 2534,2534
建材營造,2535,達欣工2535,達欣工,達欣工 2535,2535
建材營造,2536,宏普2536,宏普,宏普 2536,2536
建材營造,2537,聯上發2537,聯上發,聯上發 2537,2537
建材營造,2538,基泰2538,基泰,基泰 2538,2538
建材營造,2539,櫻花建2539,櫻花建,櫻花建 2539,2539
建材營造,2540,愛山林2540,愛山林,愛山林 2540,2540
建材營造,2542,興富發2542,興富發,興富發 2542,2542
建材營造,2543,皇昌2543,皇昌,皇昌 2543,2543
建材營造,2545,皇翔2545,皇翔,皇翔 2545,2545
建材營造,2546,根基2546,根基,根基 2546,2546
建材營造,2547,日勝生2547,日勝生,日勝生 2547,2547
建材營造,2548,華固2548,華固,華固 2548,2548
建材營造,2597,潤弘2597,潤弘,潤弘 2597,2597
建材營造,2841,台開2841,台開,台開 2841,2841
建材營造,2923,鼎固-KY2923,鼎固-KY,鼎固-KY 2923,2923
建材營造,3052,夆典3052,夆典,夆典 3052,3052
建材營造,3056,總太3056,總太,總太 3056,3056
建材營造,3266,昇陽3266,昇陽,昇陽 3266,3266
建材營造,3703,欣陸3703,欣陸,欣陸 3703,3703
建材營造,5515,建國5515,建國,建國 5515,5515
建材營造,5519,隆大5519,隆大,隆大 5519,5519
建材營造,5521,工信5521,工信,工信 5521,5521
建材營造,5522,遠雄5522,遠雄,遠雄 5522,5522
建材營造,5525,順天5525,順天,順天 5525,5525
建材營造,5531,鄉林5531,鄉林,鄉林 5531,5531
建材營造,5533,皇鼎5533,皇鼎,皇鼎 5533,5533
建材營造,5534,長虹5534,長虹,長虹 5534,5534
建材營造,6177,達麗6177,達麗,達麗 6177,6177
建材營造,9906,欣巴巴9906,欣巴巴,欣巴巴 9906,9906
建材營造,9946,三發地產9946,三發地產,三發地產 9946,9946
航運業,2208,台船2208,台船,台船 2208,2208
航運業,2603,長榮2603,長榮,長榮 2603,2603
航運業,2605,新興2605,新興,新興 2605,2605
航運業,2606,裕民2606,裕民,裕民 2606,2606
航運業,2607,榮運2607,榮運,榮運 2607,2607
航運業,2608,大榮2608,大榮,大榮 2608,2608
航運業,2609,陽明2609,陽明,陽明 2609,2609
航運業,2610,華航2610,華航,華航 2610,2610
航運業,2611,志信2611,志信,志信 2611,2611
航運業,2612,中航2612,中航,中航 2612,2612
航運業,2613,中櫃2613,中櫃,中櫃 2613,2613
航運業,2615,萬海2615,萬海,萬海 2615,2615
航運業,2617,台航2617,台航,台航 2617,2617
航運業,2618,長榮航2618,長榮航,長榮航 2618,2618
航運業,2637,慧洋-KY2637,慧洋-KY,慧洋-KY 2637,2637
航運業,2642,宅配通2642,宅配通,宅配通 2642,2642
航運業,5607,遠雄港5607,遠雄港,遠雄港 5607,5607
航運業,5608,四維航5608,四維航,四維航 5608,5608
航運業,6702,興航6702,興航,興航 6702,6702
觀光 ,2701,萬企2701,萬企,萬企 2701,2701
觀光 ,2702,華園2702,華園,華園 2702,2702
觀光 ,2704,國賓2704,國賓,國賓 2704,2704
觀光 ,2705,六福2705,六福,六福 2705,2705
觀光 ,2706,第一店2706,第一店,第一店 2706,2706
觀光 ,2707,晶華2707,晶華,晶華 2707,2707
觀光 ,2712,遠雄來2712,遠雄來,遠雄來 2712,2712
觀光 ,2722,夏都2722,夏都,夏都 2722,2722
觀光 ,2723,美食-KY2723,美食-KY,美食-KY 2723,2723
觀光 ,2727,王品2727,王品,王品 2727,2727
觀光 ,2731,雄獅2731,雄獅,雄獅 2731,2731
觀光 ,5706,鳳凰5706,鳳凰,鳳凰 5706,5706
觀光 ,8940,新天地8940,新天地,新天地 8940,8940
觀光 ,9943,好樂迪9943,好樂迪,好樂迪 9943,9943
金融保險 ,2801,彰銀2801,彰銀,彰銀 2801,2801
金融保險 ,2809,京城銀2809,京城銀,京城銀 2809,2809
金融保險 ,2812,台中銀2812,台中銀,台中銀 2812,2812
金融保險 ,2816,旺旺保2816,旺旺保,旺旺保 2816,2816
金融保險 ,2820,華票2820,華票,華票 2820,2820
金融保險 ,2823,中壽2823,中壽,中壽 2823,2823
金融保險 ,2832,台產2832,台產,台產 2832,2832
金融保險 ,2833,台壽保2833,台壽保,台壽保 2833,2833
金融保險 ,2834,臺企銀2834,臺企銀,臺企銀 2834,2834
金融保險 ,2836,高雄銀2836,高雄銀,高雄銀 2836,2836
金融保險 ,2837,凱基銀2837,凱基銀,凱基銀 2837,2837
金融保險 ,2838,聯邦銀2838,聯邦銀,聯邦銀 2838,2838
金融保險 ,2845,遠東銀2845,遠東銀,遠東銀 2845,2845
金融保險 ,2847,大眾銀2847,大眾銀,大眾銀 2847,2847
金融保險 ,2849,安泰銀2849,安泰銀,安泰銀 2849,2849
金融保險 ,2850,新產2850,新產,新產 2850,2850
金融保險 ,2851,中再保2851,中再保,中再保 2851,2851
金融保險 ,2852,第一保2852,第一保,第一保 2852,2852
金融保險 ,2855,統一證2855,統一證,統一證 2855,2855
金融保險 ,2856,元富證2856,元富證,元富證 2856,2856
金融保險 ,2867,三商壽2867,三商壽,三商壽 2867,2867
金融保險 ,2880,華南金2880,華南金,華南金 2880,2880
金融保險 ,2881,富邦金2881,富邦金,富邦金 2881,2881
金融保險 ,2882,國泰金2882,國泰金,國泰金 2882,2882
金融保險 ,2883,開發金2883,開發金,開發金 2883,2883
金融保險 ,2884,玉山金2884,玉山金,玉山金 2884,2884
金融保險 ,2885,元大金2885,元大金,元大金 2885,2885
金融保險 ,2886,兆豐金2886,兆豐金,兆豐金 2886,2886
金融保險 ,2887,台新金2887,台新金,台新金 2887,2887
金融保險 ,2888,新光金2888,新光金,新光金 2888,2888
金融保險 ,2889,國票金2889,國票金,國票金 2889,2889
金融保險 ,2890,永豐金2890,永豐金,永豐金 2890,2890
金融保險 ,2891,中信金2891,中信金,中信金 2891,2891
金融保險 ,2892,第一金2892,第一金,第一金 2892,2892
金融保險 ,5880,合庫金5880,合庫金,合庫金 5880,5880
金融保險 ,6005,群益證6005,群益證,群益證 6005,6005
貿易百貨,2601,益航2601,益航,益航 2601,2601
貿易百貨,2614,東森2614,東森,東森 2614,2614
貿易百貨,2901,欣欣2901,欣欣,欣欣 2901,2901
貿易百貨,2903,遠百2903,遠百,遠百 2903,2903
貿易百貨,2905,三商2905,三商,三商 2905,2905
貿易百貨,2906,高林2906,高林,高林 2906,2906
貿易百貨,2908,特力2908,特力,特力 2908,2908
貿易百貨,2910,統領2910,統領,統領 2910,2910
貿易百貨,2911,麗嬰房2911,麗嬰房,麗嬰房 2911,2911
貿易百貨,2912,統一超2912,統一超,統一超 2912,2912
貿易百貨,2913,農林2913,農林,農林 2913,2913
貿易百貨,2915,潤泰全2915,潤泰全,潤泰全 2915,2915
貿易百貨,2929,淘帝-KY2929,淘帝-KY,淘帝-KY 2929,2929
貿易百貨,5906,台南-KY5906,台南-KY,台南-KY 5906,5906
貿易百貨,5907,大洋-KY5907,大洋-KY,大洋-KY 5907,5907
貿易百貨,8429,金麗-KY8429,金麗-KY,金麗-KY 8429,8429
油電燃氣 ,2616,山隆2616,山隆,山隆 2616,2616
油電燃氣 ,6505,台塑化6505,台塑化,台塑化 6505,6505
油電燃氣 ,8926,台汽電8926,台汽電,台汽電 8926,8926
油電燃氣 ,9908,大台北9908,大台北,大台北 9908,9908
油電燃氣 ,9918,欣天然9918,欣天然,欣天然 9918,9918
油電燃氣 ,9926,新海9926,新海,新海 9926,9926
油電燃氣 ,9931,欣高9931,欣高,欣高 9931,9931
油電燃氣 ,9937,全國9937,全國,全國 9937,9937
存託憑證  ,9103,美德醫療-DR9103,美德醫療-DR,美德醫療-DR 9103,9103
存託憑證  ,910322,康師傅-DR9105,康師傅-,康師傅- 910322,910322
存託憑證  ,910482,聖馬丁-DR9106,聖馬丁-,聖馬丁- 910482,910482
存託憑證  ,9105,泰金寶-DR9105,泰金寶-DR,泰金寶-DR 9105,9105
存託憑證  ,9106,新焦點-DR9106,新焦點-DR,新焦點-DR 9106,9106
存託憑證  ,910708,恒大健-DR910708,恒大健-DR,恒大健-DR 910708,910708
存託憑證  ,910801,金衛-DR910801,金衛-DR,金衛-DR 910801,910801
存託憑證  ,910861,神州-DR910861,神州-DR,神州-DR 910861,910861
存託憑證  ,9110,越南控-DR9110,越南控-DR,越南控-DR 9110,9110
存託憑證  ,911608,明輝-DR911608,明輝-DR,明輝-DR 911608,911608
存託憑證  ,911611,中泰山-DR911611,中泰山-DR,中泰山-DR 911611,911611
存託憑證  ,911616,杜康-DR911616,杜康-DR,杜康-DR 911616,911616
存託憑證  ,911619,耀傑-DR911619,耀傑-DR,耀傑-DR 911619,911619
存託憑證  ,911622,泰聚亨-DR911622,泰聚亨-DR,泰聚亨-DR 911622,911622
存託憑證  ,911626,MSH-DR911626,MSH-DR,MSH-DR 911626,911626
存託憑證  ,911868,同方友友-DR911868,同方友友-DR,同方友友-DR 911868,911868
存託憑證  ,912000,晨訊科-DR912000,晨訊科-DR,晨訊科-DR 912000,912000
存託憑證  ,912398,友佳-DR912398,友佳-DR,友佳-DR 912398,912398
存託憑證  ,9136,巨騰-DR9136,巨騰-DR,巨騰-DR 9136,9136
存託憑證  ,9157,陽光能源-DR9157,陽光能源-DR,陽光能源-DR 9157,9157
存託憑證  ,9188,精熙-DR9188,精熙-DR,精熙-DR 9188,9188
其他  ,1262,綠悅-KY1262,綠悅-KY,綠悅-KY 1262,1262
其他  ,1435,中福1435,中福,中福 1435,1435
其他  ,1516,川飛1516,川飛,川飛 1516,1516
其他  ,2062,橋椿2062,橋椿,橋椿 2062,2062
其他  ,2348,海悅2348,海悅,海悅 2348,2348
其他  ,2514,龍邦2514,龍邦,龍邦 2514,2514
其他  ,2904,匯僑2904,匯僑,匯僑 2904,2904
其他  ,3040,遠見3040,遠見,遠見 3040,3040
其他  ,4536,拓凱4536,拓凱,拓凱 4536,4536
其他  ,5871,中租-KY5871,中租-KY,中租-KY 5871,5871
其他  ,6184,大豐電6184,大豐電,大豐電 6184,6184
其他  ,6504,南六6504,南六,南六 6504,6504
其他  ,8033,雷虎8033,雷虎,雷虎 8033,8033
其他  ,8404,百和興業-KY8404,百和興業-KY,百和興業-KY 8404,8404
其他  ,8411,福貞-KY8411,福貞-KY,福貞-KY 8411,8411
其他  ,8422,可寧衛8422,可寧衛,可寧衛 8422,8422
其他  ,8427,基勝-KY8427,基勝-KY,基勝-KY 8427,8427
其他  ,9802,鈺齊-KY9802,鈺齊-KY,鈺齊-KY 9802,9802
其他  ,9902,台火9902,台火,台火 9902,9902
其他  ,9904,寶成9904,寶成,寶成 9904,9904
其他  ,9905,大華9905,大華,大華 9905,9905
其他  ,9907,統一實9907,統一實,統一實 9907,9907
其他  ,9910,豐泰9910,豐泰,豐泰 9910,9910
其他  ,9911,櫻花9911,櫻花,櫻花 9911,9911
其他  ,9914,美利達9914,美利達,美利達 9914,9914
其他  ,9917,中保9917,中保,中保 9917,9917
其他  ,9919,康那香9919,康那香,康那香 9919,9919
其他  ,9921,巨大9921,巨大,巨大 9921,9921
其他  ,9924,福興9924,福興,福興 9924,9924
其他  ,9925,新保9925,新保,新保 9925,9925
其他  ,9927,泰銘9927,泰銘,泰銘 9927,9927
其他  ,9928,中視9928,中視,中視 9928,9928
其他  ,9929,秋雨9929,秋雨,秋雨 9929,9929
其他  ,9930,中聯資源9930,中聯資源,中聯資源 9930,9930
其他  ,9933,中鼎9933,中鼎,中鼎 9933,9933
其他  ,9934,成霖9934,成霖,成霖 9934,9934
其他  ,9935,慶豐富9935,慶豐富,慶豐富 9935,9935
其他  ,9938,百和9938,百和,百和 9938,9938
其他  ,9939,宏全9939,宏全,宏全 9939,9939
其他  ,9940,信義9940,信義,信義 9940,9940
其他  ,9941,裕融9941,裕融,裕融 9941,9941
其他  ,9942,茂順9942,茂順,茂順 9942,9942
其他  ,9944,新麗9944,新麗,新麗 9944,9944
其他  ,9945,潤泰新9945,潤泰新,潤泰新 9945,9945
其他  ,9955,佳龍9955,佳龍,佳龍 9955,9955
基金 ,0050,元大台灣500050,元大台灣50,元大台灣50 0050,0050
基金 ,0051,元大中型1000051,元大中型100,元大中型100 0051,0051
基金 ,0052,FB科技0052,FB科技,FB科技 0052,0052
基金 ,0053,元大電子0053,元大電子,元大電子 0053,0053
基金 ,0054,元大台商500054,元大台商50,元大台商50 0054,0054
基金 ,0055,元大MSCI金融0055,元大MSCI金融,元大MSCI金融 0055,0055
基金 ,0056,元大高股息0056,元大高股息,元大高股息 0056,0056
基金 ,0057,FB摩台0057,FB摩台,FB摩台 0057,0057
基金 ,0058,FB發達0058,FB發達,FB發達 0058,0058
基金 ,0059,FB金融0059,FB金融,FB金融 0059,0059
基金 ,0061,元大寶滬深0061,元大寶滬深,元大寶滬深 0061,0061
基金 ,006203,元大MSCI台灣006203,元大MSCI台灣,元大MSCI台灣 006203,006203
基金 ,006204,永豐臺灣加權006204,永豐臺灣加權,永豐臺灣加權 006204,006204
基金 ,006205,FB上証006205,FB上証,FB上証 006205,006205
基金 ,006206,元大上證50006206,元大上證50,元大上證50 006206,006206
基金 ,006207,FH滬深006207,FH滬深,FH滬深 006207,006207
基金 ,006208,FB台50006208,FB台50,FB台50 006208,006208
基金 ,008201,BP上證50008201,BP上證50,BP上證50 008201,008201
基金 ,01001T,土銀富邦R101001T,土銀富邦R1,土銀富邦R1 01001T,01001T
基金 ,01002T,土銀國泰R101002T,土銀國泰R1,土銀國泰R1 01002T,01002T
基金 ,01003T,兆豐新光R101003T,兆豐新光R1,兆豐新光R1 01003T,01003T
基金 ,01004T,土銀富邦R201004T,土銀富邦R2,土銀富邦R2 01004T,01004T
基金 ,01007T,兆豐國泰R201007T,兆豐國泰R2,兆豐國泰R2 01007T,01007T
